nome;cpf;convenio;id
Ryan Oliveira;787.747.360-51;Amil;3612
Heitor Azevedo;490.882.580-74;Unimed;3215
Catarina Ferreira;741.547.050-83;CASSI;3783
Rebeca Costela;501.828.000-08;SulAmerica;3253
Maitê da Mata;824.206.930-19;BradescoSaude;3556
Amanda Santos;395.149.680-00;Amil;3001
Erick Moreira;898.699.850-50;Unimed;3645
Sofia Dias;266.566.590-55;CASSI;3355
Vitória Moraes;172.427.480-54;SulAmerica;3887
Enzo Gabriel Almeida;615.983.060-06;BradescoSaude;3848
João Lucas Almeida;830.271.960-90;Amil;3914
Catarina Nunes;916.723.960-93;Unimed;3610
Eloah Jesus;113.715.630-98;CASSI;3663
João Gabriel Pereira;304.566.180-74;SulAmerica;3665
Fernando Cunha;891.406.480-87;BradescoSaude;3788
João Miguel da Rocha;318.095.710-73;Amil;3216
Maria Vitória Gomes;566.149.730-02;Unimed;3280
Lorena Rodrigues;852.016.800-03;CASSI;3589
Yago Campos;127.226.550-12;SulAmerica;3529
Marina Novaes;176.711.590-34;BradescoSaude;3241
Miguel Correia;955.402.760-51;Amil;3844
Luana Moura;862.153.340-57;Unimed;3317
Guilherme Ferreira;402.625.460-78;CASSI;3566
Sarah Santos;773.863.280-10;SulAmerica;3900
Matheus Barbosa;297.173.640-79;BradescoSaude;3483
Emanuel Mendes;530.661.510-42;Amil;3566
Maysa da Mata;492.278.150-15;Unimed;3975
Bárbara da Costa;094.996.090-08;CASSI;3804
Pietro Peixoto;033.129.940-20;SulAmerica;3604
Alexia da Cunha;897.116.340-23;BradescoSaude;3762
Juan da Conceição;380.835.010-50;Amil;3447
Maria da Rosa;813.927.290-68;Unimed;3122
Antônio da Conceição;048.995.840-08;CASSI;3979
Guilherme Correia;111.771.720-89;SulAmerica;3471
Ana Laura Gonçalves;556.942.800-32;BradescoSaude;3592
Eloah Mendes;848.783.490-69;Amil;3700
Joaquim Pereira;095.573.640-41;Unimed;3010
Yasmin Ramos;409.630.020-90;CASSI;3438
Gabrielly Cardoso;308.742.740-36;SulAmerica;3979
Davi Aragão;885.259.260-19;BradescoSaude;3836
Ana Carolina Rezende;282.907.990-63;Amil;3322
Vitor Gabriel da Mota;332.696.020-49;Unimed;3923
Lucas Gabriel Barbosa;153.219.290-84;CASSI;3222
Luiz Gustavo Carvalho;244.302.980-84;SulAmerica;3163
Renan Cunha;364.077.370-52;BradescoSaude;3751
Emanuelly Costela;944.535.860-00;Amil;3969
João Pedro Rocha;372.508.280-45;Unimed;3143
Rafaela Nascimento;848.505.460-13;CASSI;3696
Mariane Vieira;304.412.380-17;SulAmerica;3955
Paulo da Mata;130.131.900-78;BradescoSaude;3431
